App Name,Updated Date,Installs,Ratings,Review Count,Genre
ChatBuzz,20-04-2025,300000,4.5,1500,Social
Readify,12-01-2025,500000,4.3,3500,Books
SnapEdit,18-11-2024,120000,4.1,1800,Photography
BrainTrain,01-07-2024,250000,4.8,4500,Puzzle
ZenMood,28-02-2025,400000,4.7,3200,Lifestyle
ComicLab,01-05-2025,180000,4.4,2100,Comics
NoteXpress,19-03-2025,220000,4.2,1700,Productivity
WatchMe,10-12-2024,130000,4,1400,Video
PlanMaster,05-04-2025,160000,4.6,2800,Tools
DailyTrack,10-05-2025,190000,4.3,3000,Medical
TrackRun,15-06-2024,210000,4.5,2500,Sports
Newsify,07-03-2025,350000,4.1,4100,News
SafeGuard,22-10-2024,140000,4.2,1900,Security
LightTune,14-02-2025,270000,4.4,1600,Music
